商品No,製品名,形状,サイズ(g),入数,単価,1c/s単価,2c/s単価,3c/s単価,4c/s単価,タイプabc
10108,全卵,タリアテッレ,80,64,64,0,0,0,0,プレーン
10109,全卵,タリアテッレ,90,60,68,0,0,0,0,プレーン
10110,全卵,タリアテッレ,100,56,73,0,0,0,0,プレーン
10111,全卵,タリアテッレ,110,52,79,0,0,0,0,プレーン
10112,全卵,タリアテッレ,120,48,85,0,0,0,0,プレーン
10113,全卵,タリアテッレ,130,45,91,0,0,0,0,プレーン
10114,全卵,タリアテッレ,140,42,98,0,0,0,0,プレーン
10115,全卵,タリアテッレ,150,40,102,0,0,0,0,プレーン
10116,全卵,タリアテッレ,160,37,0,4080,3840,3733,3600,特注品
10118,全卵,タリアテッレ,180,33,0,4080,3840,3733,3600,特注品
10119,全卵,タリアテッレ,1000,8,0,4960,4720,4560,0,カラー
10170,全卵,タリアテッレ,130,60,0,0,0,0,0,特注品
10189,全卵,タリアテッレ,120,66,0,0,0,0,0,特注品
10197,全卵,タリアテッレ,100,80,0,5180,4955,4900,4700,特注品
10198,全卵,タリアテッレ,100,2,0,0,0,0,0,サンプル
10199,全卵,タリアテッレ,80,100,0,0,0,0,0,特注品
10208,全卵,フェットチーネ,80,64,64,0,0,0,0,プレーン
10209,全卵,フェットチーネ,90,60,68,0,0,0,0,プレーン
10210,全卵,フェットチーネ,100,56,73,0,0,0,0,プレーン
10211,全卵,フェットチーネ,110,52,79,0,0,0,0,プレーン
10212,全卵,フェットチーネ,120,48,85,0,0,0,0,プレーン
10213,全卵,フェットチーネ,130,45,91,0,0,0,0,プレーン
10214,全卵,フェットチーネ,140,42,98,0,0,0,0,プレーン
10215,全卵,フェットチーネ,150,40,102,0,0,0,0,プレーン
10216,全卵,フェットチーネ,160,37,0,4080,3840,3733,3600,特注品
10222,全卵,フェットチーネ,120,66,0,0,0,0,0,特注品
10229,全卵,フェットチーネ,1000,8,0,0,0,0,0,カラー
10260,全卵,フェットチーネ,130,60,0,0,0,0,0,特注品
10278,全卵,フェットチーネ,140,60,0,0,0,0,4935,特注品
10281,EGG,ＥＧＧ型（印字有）,130,45,0,0,0,0,0,特注品
10289,全卵,フェットチーネ,100,80,0,0,0,0,0,特注品
10297,全卵,フェットチーネ,1000,8,0,0,0,0,0,特注品
10298,全卵,フェットチーネ,100,2,0,0,0,0,0,サンプル
10299,全卵,フェットチーネ,80,100,0,0,0,0,0,特注品
10308,全卵,タリオリーニ,80,64,64,0,0,0,0,プレーン
10309,全卵,タリオリーニ,90,60,68,0,0,0,0,プレーン
10310,全卵,タリオリーニ,100,56,73,0,0,0,0,プレーン
10311,全卵,タリオリーニ,110,52,79,0,0,0,0,プレーン
10312,全卵,タリオリーニ,120,48,85,0,0,0,0,プレーン
10313,全卵,タリオリーニ,130,45,91,0,0,0,0,プレーン
10314,全卵,タリオリーニ,140,42,98,0,0,0,0,プレーン
10315,全卵,タリオリーニ,150,40,102,0,0,0,0,プレーン
10358,全卵,タリオリーニ,80,100,0,0,0,0,0,特注品
10378,全卵,タリオリーニ,90,88,0,0,0,0,0,特注品
10398,全卵,タリオリーニ,100,80,0,5180,4955,4700,0,特注品
10399,全卵,タリオリーニ,100,2,0,0,0,0,0,サンプル
10420,全卵,キタッラ,200,28,146,0,0,0,0,プレーン
10424,全卵,キタッラ,240,24,170,0,0,0,0,プレーン
10490,全卵,キタッラ,1000,8,0,0,0,0,0,カラー
10496,全卵,キタッラ,150,40,0,0,0,0,0,特注品
10498,全卵,キタッラ,200,1,0,0,0,0,0,サンプル
10508,全卵,パスタシート,80,64,64,0,0,0,0,プレーン
10509,全卵,パスタシート,90,60,68,0,0,0,0,プレーン
10510,全卵,パスタシート,100,56,73,0,0,0,0,プレーン
10511,全卵,パスタシート,110,52,79,0,0,0,0,プレーン
10512,全卵,パスタシート,120,48,85,0,0,0,0,プレーン
10513,全卵,パスタシート,130,45,91,0,0,0,0,プレーン
10514,全卵,パスタシート,140,42,98,0,0,0,0,プレーン
10515,全卵,パスタシート,150,40,102,0,0,0,0,プレーン
10519,全卵,パスタシート,100,80,0,0,0,0,0,特注品
10598,全卵,パスタシート,100,2,0,0,0,0,0,サンプル
10608,全卵,＃１８,80,64,64,4080,3840,3733,3600,プレーン
10609,全卵,＃１８,90,60,68,4080,3840,3733,3600,プレーン
10610,全卵,＃１８,100,56,73,4080,3840,3733,3600,プレーン
10611,全卵,＃１８,110,52,79,4080,3840,3733,3600,プレーン
10612,全卵,＃１８,120,48,85,4080,3840,3733,3600,プレーン
10613,全卵,＃１８,130,45,91,4080,3840,3733,3600,プレーン
10614,全卵,＃１８,140,42,98,4080,3840,3733,3600,プレーン
10615,全卵,＃１８,150,40,102,4080,3840,3733,3600,プレーン
10616,全卵,＃１８,130,50,0,0,0,0,0,特注品
10621,全卵,＃１８,80,64,0,4080,3840,3733,3600,カラー
10622,全卵,＃１８,90,60,0,4080,3840,3733,3600,カラー
10623,全卵,＃１８,100,56,0,4080,3840,3733,3600,カラー
10624,全卵,＃１８,110,52,0,4080,3840,3733,3600,カラー
10625,全卵,＃１８,120,48,0,4080,3840,3733,3600,カラー
10626,全卵,＃１８,130,45,0,4080,3840,3733,3600,カラー
10627,全卵,＃１８,140,42,0,4080,3840,3733,3600,カラー
10628,全卵,＃１８,150,40,0,4080,3840,3733,3600,カラー
10658,全卵,＃１８,100,80,0,0,0,0,0,特注品
10699,全卵,＃１８,100,2,0,0,0,0,0,サンプル
10755,全卵,タリアテッレ0.9mm,80,64,0,4080,0,0,0,特注品
10810,全卵,フェットチーネ0.9mm,100,56,0,0,0,0,0,特注品
10818,全卵,フェットチーネ0.9mm,180,33,0,0,0,0,0,特注品
10912,全卵,タリアテッレ1.6ｍｍ,120,48,0,0,0,0,0,特注品
10950,全卵,タリアテッレ1.6ｍｍ,100,56,0,0,0,0,0,特注品
11210,全卵,パスタシート0.9ｍｍ,100,56,0,4080,3840,3733,3600,特注品
11212,全卵,パスタシート0.9ｍｍ,120,48,0,4080,3840,3733,3600,特注品
11215,全卵,パスタシート0.9ｍｍ,150,40,0,0,0,0,0,特注品
11217,全卵,パスタシート0.9ｍｍ,130,45,0,4080,3840,3733,3600,特注品
11219,全卵,パスタシート0.9ｍｍ,110,52,0,0,0,0,0,特注品
11280,全卵,パスタシート0.9ｍｍ,100,2,0,0,0,0,0,サンプル
11282,全卵,パスタシート0.9ｍｍ,80,64,0,0,0,0,0,特注品
11310,全卵,パスタシート1.1ｍｍ,100,56,0,0,0,0,0,特注品
11378,全卵,パスタシート1.1ｍｍ,80,64,0,4080,3840,3733,3600,特注品
11381,全卵,パスタシート1.1ｍｍ,100,2,0,0,0,0,0,サンプル
11382,全卵,パスタシート1.1ｍｍ,90,60,0,4080,3840,3840,3733,特注品
11478,全卵,タリアッテレ(無地の箱),80,64,0,4080,3840,3733,3600,特注品
11479,全卵,タリアッテレ(無地の箱),110,52,0,0,0,0,0,特注品
11578,全卵,パッパルデッレ（無地の箱）,80,64,0,0,0,0,0,特注品
11930,全卵,タリアテッレ（印字有）,100,56,0,0,0,0,0,特注品
12323,全卵,スパゲッティ2.0,120,66,0,0,0,0,0,特注品
12727,全卵,タリアテッレ　50個,130,50,0,0,0,0,0,特注品
13186,全卵,パスタシート0.9ｍｍ(沖),100,80,0,0,0,0,0,特注品
13663,全卵,タリオリーニ　袋なし,120,66,0,5180,4955,4900,4700,特注品
13688,全卵,タリオリーニ　袋なし,80,100,0,0,0,0,0,特注品
13689,全卵,タリオリーニ　袋なし,100,80,0,5180,4955,4900,4700,特注品
14049,全卵,パッパルデッレ1.1ｍｍ,100,2,0,0,0,0,0,サンプル
14050,全卵,パッパルデッレ1.1ｍｍ,90,60,68,4080,3840,3733,3600,プレーン
14051,全卵,パッパルデッレ1.1ｍｍ,100,56,73,4080,3840,3733,3600,プレーン
14052,全卵,パッパルデッレ1.1ｍｍ,110,52,79,4080,3840,3733,3600,プレーン
14053,全卵,パッパルデッレ1.1ｍｍ,120,48,85,4080,3840,3733,3600,プレーン
14054,全卵,パッパルデッレ1.1ｍｍ,100,80,0,5180,4955,4900,4700,特注品
14055,全卵,パッパルデッレ1.1ｍｍ,1000,8,0,0,0,0,0,特注品
14056,全卵,パッパルデッレ1.1ｍｍ,100,80,0,5180,4955,4900,4700,特注品
14087,全卵,パッパルデッレ1.1ｍｍ,80,64,64,4080,3840,3733,3600,プレーン
14089,全卵,パッパルデッレ1.1ｍｍ,130,50,0,3700,3700,3700,3700,特注品
14888,全卵,タリアテッレ60個(袋なし),130,60,0,0,0,0,0,特注品
16701,全卵,パッパルデッレ1.1mm袋なし,120,66,0,0,0,0,0,特注品
16757,全卵,パッパルデッレ1.1mm袋なし,100,80,0,5180,4955,4900,4700,特注品
16778,全卵,パッパルデッレ1.1mm袋なし,80,64,64,4080,3840,3733,3600,カラー
16790,全卵,パッパルデッレ1.1mm袋なし,80,100,0,5180,4955,4900,4700,特注品
16902,全卵,全卵タリアテッレ（DD）,100,128,0,0,0,0,0,特注品
16978,全卵,全卵タリアテッレ（DD）,130,128,0,0,0,0,0,特注品
17382,全卵,パスタシート0.9mm（DD）,100,180,0,0,0,0,0,特注品
18120,全卵,タリアテッレ(袋なし),150,54,0,0,0,0,0,特注品
18129,全卵,タリアテッレ(袋なし),120,66,0,0,0,0,0,特注品
18158,全卵,タリアテッレ(袋なし),110,72,0,0,0,0,0,特注品
18299,全卵,キタッラ(袋なし),200,40,0,0,0,0,0,特注品
18359,全卵,パッパルデッレ1.6ｍｍ,110,52,0,0,0,0,0,特注品
18460,全卵,タリオリーニ(印字有),120,144,0,0,0,0,0,特注品
18561,全卵,フェットチーネ(印字有),120,144,0,0,0,0,0,特注品
18564,全卵,フェットチーネ(印字有),100,56,73,4080,3840,3733,3600,特注品
18662,全卵,キタッラ(袋なし33個入),240,33,0,0,4510,0,4510,特注品
18776,全卵,タリアテッレ(袋なし72個),110,72,0,5180,4955,4900,4700,特注品
18877,全卵,#12キタッラ(Ｍナポリタン),180,30,0,0,3840,0,3600,特注品
18901,全卵,フェットチーネ（18個×８）,100,144,0,0,0,0,0,特注品
20108,兵庫県産,タリアテッレ,80,64,0,0,0,0,0,特注品
20109,兵庫県産,タリアテッレ,90,60,0,0,0,0,0,特注品
20110,兵庫県産,タリアテッレ,100,56,0,0,0,0,0,特注品
20111,兵庫県産,タリアテッレ,110,52,0,0,0,0,0,特注品
20112,兵庫県産,タリアテッレ,120,48,0,0,0,0,0,特注品
20113,兵庫県産,タリアテッレ,130,45,0,0,0,0,0,特注品
20114,兵庫県産,タリアテッレ,140,42,0,0,0,0,0,特注品
20115,兵庫県産,タリアテッレ,150,40,0,0,0,0,0,特注品
20116,兵庫県産,タリアテッレ,100,2,0,0,0,0,0,サンプル
20208,兵庫県産,フェットチーネ,80,64,0,0,0,0,0,特注品
20209,兵庫県産,フェットチーネ,90,60,0,0,0,0,0,特注品
20210,兵庫県産,フェットチーネ,100,56,0,0,0,0,0,特注品
20211,兵庫県産,フェットチーネ,110,52,0,0,0,0,0,特注品
20212,兵庫県産,フェットチーネ,120,48,0,0,0,0,0,特注品
20213,兵庫県産,フェットチーネ,130,45,0,0,0,0,0,特注品
20214,兵庫県産,フェットチーネ,140,42,0,0,0,0,0,特注品
20215,兵庫県産,フェットチーネ,150,40,0,0,0,0,0,特注品
20217,兵庫県産,フェットチーネ,100,2,0,0,0,0,0,サンプル
20308,兵庫県産,タリオリーニ,80,64,0,0,0,0,0,特注品
20309,兵庫県産,タリオリーニ,90,60,0,0,0,0,0,特注品
20310,兵庫県産,タリオリーニ,100,56,0,0,0,0,0,特注品
20311,兵庫県産,タリオリーニ,110,52,0,0,0,0,0,特注品
20312,兵庫県産,タリオリーニ,120,48,0,0,0,0,0,特注品
20313,兵庫県産,タリオリーニ,130,45,0,0,0,0,0,特注品
20314,兵庫県産,タリオリーニ,140,42,0,0,0,0,0,特注品
20315,兵庫県産,タリオリーニ,150,40,0,0,0,0,0,特注品
20318,兵庫県産,タリオリーニ,100,2,0,0,0,0,0,サンプル
20424,兵庫県産,キタッラ,240,24,0,0,0,0,0,特注品
30108,Z,タリアテッレ,80,64,0,5520,5280,5173,5040,特注品
30109,Z,タリアテッレ,90,60,0,0,0,0,0,特注品
30110,Z,タリアテッレ,100,56,0,0,0,0,0,特注品
30111,Z,タリアテッレ,110,52,0,0,0,0,0,特注品
30112,Z,タリアテッレ,120,48,0,5520,5280,5173,5040,特注品
30113,Z,タリアテッレ,130,45,0,0,0,0,0,特注品
30114,Z,タリアテッレ,140,42,0,0,0,0,0,特注品
30115,Z,タリアテッレ,150,40,0,0,0,0,0,特注品
30198,Z,タリアテッレ,100,2,0,0,0,0,0,サンプル
30208,Z,フェットチーネ,80,64,0,5520,5280,5173,5040,特注品
30209,Z,フェットチーネ,90,60,0,0,0,0,0,特注品
30210,Z,フェットチーネ,100,56,0,5520,5280,5173,5040,特注品
30211,Z,フェットチーネ,110,52,0,0,0,0,0,特注品
30212,Z,フェットチーネ,120,48,0,5520,5280,5173,5040,特注品
30213,Z,フェットチーネ,130,45,0,0,0,0,0,特注品
30214,Z,フェットチーネ,140,42,0,0,0,0,0,特注品
30215,Z,フェットチーネ,150,40,0,0,0,0,0,特注品
30289,Z,フェットチーネ,160,37,0,0,0,0,0,特注品
30299,Z,フェットチーネ,100,2,0,0,0,0,0,サンプル
30306,Z,タリオリーニ,60,85,0,0,0,0,0,特注品
30308,Z,タリオリーニ,80,64,0,5520,5280,5173,5040,特注品
30309,Z,タリオリーニ,90,60,0,0,0,0,0,特注品
30310,Z,タリオリーニ,100,56,99,5520,5280,5173,5040,特注品
30311,Z,タリオリーニ,110,52,0,0,0,0,0,特注品
30312,Z,タリオリーニ,120,48,0,0,0,0,0,特注品
30313,Z,タリオリーニ,130,45,0,0,0,0,0,特注品
30314,Z,タリオリーニ,140,42,0,5520,5280,5173,5040,特注品
30315,Z,タリオリーニ,150,40,0,0,0,0,0,特注品
30316,Z,タリオリーニ,160,37,0,5520,5280,5173,5040,特注品
30317,Z,タリオリーニ,180,33,0,0,0,0,0,特注品
30318,Z,タリオリーニ,100,56,99,5520,5280,5173,5040,カラー
30325,Z,タリオリーニ,1000,8,0,7050,7050,0,0,特注品
30397,Z,タリオリーニ,100,2,0,0,0,0,0,サンプル
30398,Z,タリオリーニ,90,60,0,0,0,0,0,サンプル
30599,Z,パスタシート,100,56,0,0,0,0,0,特注品
31183,Z,タリオリーニ1.1mm,80,64,0,0,0,0,0,特注品
31186,Z,タリオリーニ1.1mm,110,52,0,0,0,0,0,特注品
31260,Z,パスタシート0.9ｍｍ,100,56,0,5520,5280,5173,0,特注品
31280,Z,パスタシート0.9ｍｍ,100,2,0,0,0,0,0,サンプル
31381,Z,パスタシート1.1ｍｍ,100,2,0,0,0,0,0,サンプル
31387,Z,パスタシート1.1ｍｍ,100,56,0,0,0,0,0,特注品
33582,Z,タリオ1.4mm(壁),80,100,0,0,0,0,0,特注品
33784,Z,フェットチーネ1.1ｍｍ,80,64,0,0,0,0,0,特注品
33785,Z,フェットチーネ1.1ｍｍ,110,52,0,0,0,0,0,特注品
33986,Z,パッパルデッレ0.9ｍｍ,80,64,0,5520,5280,5173,5040,カラー
33987,Z,パッパルデッレ0.9ｍｍ,90,60,0,5520,5280,5173,5040,カラー
33988,Z,パッパルデッレ0.9ｍｍ,100,56,0,5520,5280,5173,5040,カラー
33989,Z,パッパルデッレ0.9ｍｍ,110,52,0,5520,5280,5173,5040,カラー
33990,Z,パッパルデッレ0.9ｍｍ,120,48,0,5520,5280,5173,5040,カラー
33991,Z,パッパルデッレ0.9ｍｍ,100,2,0,0,0,0,0,サンプル
34120,Z,＃18 1.3ｍｍ,90,60,0,0,0,0,0,特注品
34121,Z,＃18 1.3ｍｍ,100,56,0,0,0,0,0,特注品
35219,Z,パスタシート 1.0mm,100,56,0,0,0,0,0,特注品
40108,ほうれん草,タリアテッレ,80,64,0,0,4800,4800,4800,カラー
40109,ほうれん草,タリアテッレ,90,60,0,0,4800,4800,4800,カラー
40110,ほうれん草,タリアテッレ,100,56,90,5040,4800,4800,4800,カラー
40111,ほうれん草,タリアテッレ,110,52,0,0,4800,4800,4800,カラー
40112,ほうれん草,タリアテッレ,120,48,0,0,4800,4800,4800,カラー
40113,ほうれん草,タリアテッレ,130,45,0,0,4800,4800,4800,カラー
40114,ほうれん草,タリアテッレ,140,42,0,0,4800,4800,4800,カラー
40115,ほうれん草,タリアテッレ,150,40,0,0,4800,4800,4800,カラー
40198,ほうれん草,タリアテッレ,100,2,0,0,0,0,0,サンプル
40199,ほうれん草,タリアテッレ,100,80,0,0,0,0,0,特注品
40208,ほうれん草,フェットチーネ,80,64,0,0,4800,4800,4800,カラー
40209,ほうれん草,フェットチーネ,90,60,0,0,4800,4800,4800,カラー
40210,ほうれん草,フェットチーネ,100,56,0,0,4800,4800,4800,カラー
40211,ほうれん草,フェットチーネ,110,52,0,0,4800,4800,4800,カラー
40212,ほうれん草,フェットチーネ,120,48,0,0,4800,4800,4800,カラー
40213,ほうれん草,フェットチーネ,130,45,0,0,4800,4800,4800,カラー
40214,ほうれん草,フェットチーネ,140,42,0,0,4800,4800,4800,カラー
40215,ほうれん草,フェットチーネ,150,40,0,0,4800,4800,4800,カラー
40217,ほうれん草,フェットチーネ,100,56,0,0,0,0,0,特注品
40308,ほうれん草,タリオリーニ,80,64,0,0,4800,4800,4800,カラー
40309,ほうれん草,タリオリーニ,90,60,0,0,4800,4800,4800,カラー
40310,ほうれん草,タリオリーニ,100,56,0,0,4800,4800,4800,カラー
40311,ほうれん草,タリオリーニ,110,52,0,0,4800,4800,4800,カラー
40312,ほうれん草,タリオリーニ,120,48,0,0,4800,4800,4800,カラー
40313,ほうれん草,タリオリーニ,130,45,0,0,4800,4800,4800,カラー
40314,ほうれん草,タリオリーニ,140,42,0,0,4800,4800,4800,カラー
40315,ほうれん草,タリオリーニ,150,40,0,0,4800,4800,4800,カラー
40318,ほうれん草,タリオリーニ,100,56,0,0,0,0,0,特注品
40420,ほうれん草,キタッラ,200,28,0,0,4800,4800,4800,カラー
40508,ほうれん草,パスタシート,80,64,0,0,4800,4800,4800,カラー
40509,ほうれん草,パスタシート,90,60,0,0,4800,4800,4800,カラー
40510,ほうれん草,パスタシート,100,56,0,0,4800,4800,4800,カラー
40511,ほうれん草,パスタシート,110,52,0,0,4800,4800,4800,カラー
40512,ほうれん草,パスタシート,120,48,0,0,4800,4800,4800,カラー
40513,ほうれん草,パスタシート,130,45,0,0,4800,4800,4800,カラー
40514,ほうれん草,パスタシート,140,42,0,0,4800,4800,4800,カラー
40515,ほうれん草,パスタシート,150,40,0,0,4800,4800,4800,カラー
40519,ほうれん草,パスタシート,100,56,0,0,0,0,0,特注品
41208,ほうれん草,パスタシート0.9ｍｍ,80,64,0,0,4800,4800,4800,特注品
41212,ほうれん草,パスタシート0.9ｍｍ,120,48,0,0,4800,4800,4800,特注品
44019,ほうれん草,パッパルデッレ1.1ｍｍ,100,56,0,0,0,4800,4800,カラー
44301,ほうれん草,タリオリーニ 60個(壁),130,60,0,6540,12510,18765,25020,特注品
50108,トマト,タリアテッレ,80,64,0,0,5200,5200,5200,カラー
50109,トマト,タリアテッレ,90,60,0,0,5200,5200,5200,カラー
50110,トマト,タリアテッレ,100,56,0,0,5200,5200,5200,カラー
50111,トマト,タリアテッレ,110,52,0,0,5200,5200,5200,カラー
50112,トマト,タリアテッレ,120,48,0,0,5200,5200,5200,カラー
50113,トマト,タリアテッレ,130,45,0,0,5200,5200,5200,カラー
50114,トマト,タリアテッレ,140,42,0,0,5200,5200,5200,カラー
50115,トマト,タリアテッレ,150,40,0,0,5200,5200,5200,カラー
50116,トマト,タリアテッレ,100,2,0,0,0,0,0,サンプル
50117,トマト,タリアテッレ,150,2,0,0,0,0,0,サンプル
50208,トマト,フェットチーネ,80,64,0,0,5200,5200,5200,カラー
50209,トマト,フェットチーネ,90,60,0,0,5200,5200,5200,カラー
50210,トマト,フェットチーネ,100,56,0,0,5200,5200,5200,カラー
50211,トマト,フェットチーネ,110,52,0,0,5200,5200,5200,カラー
50212,トマト,フェットチーネ,120,48,0,0,5200,5200,5200,カラー
50213,トマト,フェットチーネ,130,45,0,0,5200,5200,5200,カラー
50214,トマト,フェットチーネ,140,42,0,0,5200,5200,5200,カラー
50215,トマト,フェットチーネ,150,40,0,0,5200,5200,5200,カラー
50308,トマト,タリオリーニ,80,64,0,0,5200,5200,5200,カラー
50309,トマト,タリオリーニ,90,60,0,0,5200,5200,5200,カラー
50310,トマト,タリオリーニ,100,56,98,5440,5200,5200,5200,カラー
50311,トマト,タリオリーニ,110,52,0,0,5200,5200,5200,カラー
50312,トマト,タリオリーニ,120,48,0,0,5200,5200,5200,カラー
50313,トマト,タリオリーニ,130,45,0,0,5200,5200,5200,カラー
50314,トマト,タリオリーニ,140,42,0,0,5200,5200,5200,カラー
50315,トマト,タリオリーニ,150,40,0,0,5200,5200,5200,カラー
50398,トマト,タリオリーニ,100,2,0,0,0,0,0,サンプル
50508,トマト,パスタシート,80,64,0,0,5200,5200,5200,カラー
50509,トマト,パスタシート,90,60,0,0,5200,5200,5200,カラー
50510,トマト,パスタシート,100,56,0,0,5200,5200,5200,カラー
50511,トマト,パスタシート,110,52,0,0,5200,5200,5200,カラー
50512,トマト,パスタシート,120,48,0,0,5200,5200,5200,カラー
50513,トマト,パスタシート,130,45,0,0,5200,5200,5200,カラー
50514,トマト,パスタシート,140,42,0,0,5200,5200,5200,カラー
50515,トマト,パスタシート,150,40,0,0,5200,5200,5200,カラー
60108,イカスミ,タリアテッレ,80,64,0,0,5760,5760,5760,カラー
60109,イカスミ,タリアテッレ,90,60,0,0,5760,5760,5760,カラー
60110,イカスミ,タリアテッレ,100,56,0,0,5760,5760,5760,カラー
60111,イカスミ,タリアテッレ,110,52,0,0,5700,5760,5760,カラー
60112,イカスミ,タリアテッレ,120,48,0,0,5760,5760,5760,カラー
60113,イカスミ,タリアテッレ,130,45,0,0,5760,5760,5760,カラー
60114,イカスミ,タリアテッレ,140,42,0,0,5760,5760,5760,カラー
60115,イカスミ,タリアテッレ,150,40,0,0,5760,5760,5760,カラー
60208,イカスミ,フェットチーネ,80,64,0,0,5760,5760,5760,カラー
60209,イカスミ,フェットチーネ,90,60,0,0,5760,5760,5760,カラー
60210,イカスミ,フェットチーネ,100,56,0,0,5760,5760,5760,カラー
60211,イカスミ,フェットチーネ,110,52,0,0,5760,5760,5760,カラー
60212,イカスミ,フェットチーネ,120,48,0,0,5760,5760,5760,カラー
60213,イカスミ,フェットチーネ,130,45,0,0,5760,5760,5760,カラー
60214,イカスミ,フェットチーネ,140,42,0,0,5760,5760,5760,カラー
60215,イカスミ,フェットチーネ,150,40,0,0,5760,5760,5760,カラー
60308,イカスミ,タリオリーニ,80,64,0,0,5760,5760,5760,カラー
60309,イカスミ,タリオリーニ,90,60,0,0,5760,5760,5760,カラー
60310,イカスミ,タリオリーニ,100,56,108,6000,5760,5760,5760,カラー
60311,イカスミ,タリオリーニ,110,52,0,0,5760,5760,5760,カラー
60312,イカスミ,タリオリーニ,120,48,0,0,5760,5760,5760,カラー
60313,イカスミ,タリオリーニ,130,45,0,0,5760,5760,5760,カラー
60314,イカスミ,タリオリーニ,140,42,0,0,5760,5760,5760,カラー
60315,イカスミ,タリオリーニ,150,40,0,0,5760,5760,5760,カラー
60320,イカスミ,タリオリーニ,1000,8,0,7250,6960,6800,0,特注品
60321,イカスミ,タリオリーニ,1000,8,0,7250,6960,6800,0,カラー
60388,イカスミ,タリオリーニ,130,60,0,0,0,0,0,特注品
60398,イカスミ,タリオリーニ,100,2,0,0,0,0,0,サンプル
60420,イカスミ,キタッラ,200,28,0,0,5760,5760,5760,特注品
60508,イカスミ,パスタシート,80,64,0,0,5760,5760,5760,カラー
60509,イカスミ,パスタシート,90,60,0,0,5760,5760,5760,カラー
60510,イカスミ,パスタシート,100,56,0,0,5760,5760,5760,カラー
60511,イカスミ,パスタシート,110,52,0,0,5760,5760,5760,カラー
60512,イカスミ,パスタシート,120,48,0,0,5760,5760,5760,カラー
60513,イカスミ,パスタシート,130,45,0,0,5760,5760,5760,カラー
60514,イカスミ,パスタシート,140,42,0,0,5760,5760,5760,カラー
60515,イカスミ,パスタシート,150,40,0,0,5760,5760,5760,カラー
63618,イカスミ,タリオリーニ　袋なし,120,66,0,0,0,0,0,特注品
67216,イカスミ,タリオリーニ（DD）,130,128,0,0,0,0,0,特注品
68417,イカスミ,タリオリーニ(印字有),100,144,0,15560,15560,15560,15560,特注品
70108,バジル,タリアテッレ,80,64,0,0,5200,5200,5200,カラー
70109,バジル,タリアテッレ,90,60,0,0,5200,5200,5200,カラー
70110,バジル,タリアテッレ,100,56,98,5440,5200,5200,5200,カラー
70111,バジル,タリアテッレ,110,52,0,0,5200,5200,5200,カラー
70112,バジル,タリアテッレ,120,48,0,0,5200,5200,5200,カラー
70113,バジル,タリアテッレ,130,45,0,0,5200,5200,5200,カラー
70114,バジル,タリアテッレ,140,42,0,0,5200,5200,5200,カラー
70115,バジル,タリアテッレ,150,40,0,0,5200,5200,5200,カラー
70117,バジル,タリアテッレ,150,14,0,0,0,0,0,特注品
70198,バジル,タリアテッレ,100,2,0,0,0,0,0,サンプル
70208,バジル,フェットチーネ,80,64,0,0,5200,5200,5200,カラー
70209,バジル,フェットチーネ,90,60,0,0,5200,5200,5200,カラー
70210,バジル,フェットチーネ,100,56,0,0,5200,5200,5200,カラー
70211,バジル,フェットチーネ,110,52,0,0,5200,5200,5200,カラー
70212,バジル,フェットチーネ,120,48,0,0,5200,5200,5200,カラー
70213,バジル,フェットチーネ,130,45,0,0,5200,5200,5200,カラー
70214,バジル,フェットチーネ,140,42,0,0,5200,5200,5200,カラー
70215,バジル,フェットチーネ,150,40,0,0,5200,5200,5200,カラー
70308,バジル,タリオリーニ,80,64,0,0,5200,5200,5200,カラー
70309,バジル,タリオリーニ,90,60,0,0,5200,5200,5200,カラー
70310,バジル,タリオリーニ,100,56,0,0,5200,5200,5200,カラー
70311,バジル,タリオリーニ,110,52,0,0,5200,5200,5200,カラー
70312,バジル,タリオリーニ,120,48,0,0,5200,5200,5200,カラー
70313,バジル,タリオリーニ,130,45,0,0,5200,5200,5200,カラー
70314,バジル,タリオリーニ,140,42,0,0,5200,5200,5200,カラー
70315,バジル,タリオリーニ,150,40,0,0,5200,5200,5200,カラー
70516,バジル,パスタシート,100,56,0,0,5200,5200,5200,カラー
80108,ｼﾙｸ100,タリアテッレ,80,64,0,0,0,0,0,特注品
80109,ｼﾙｸ100,タリアテッレ,90,60,0,0,0,0,0,特注品
80110,ｼﾙｸ100,タリアテッレ,100,56,0,0,0,0,0,特注品
80111,ｼﾙｸ100,タリアテッレ,110,52,0,0,0,0,0,特注品
80112,ｼﾙｸ100,タリアテッレ,120,48,0,0,0,0,0,特注品
80113,ｼﾙｸ100,タリアテッレ,130,45,0,0,0,0,0,特注品
80114,ｼﾙｸ100,タリアテッレ,140,42,0,0,0,0,0,特注品
80115,ｼﾙｸ100,タリアテッレ,150,40,0,0,0,0,0,特注品
80208,ｼﾙｸ100,フェットチーネ,80,64,0,0,0,0,0,特注品
80209,ｼﾙｸ100,フェットチーネ,90,60,0,0,0,0,0,特注品
80210,ｼﾙｸ100,フェットチーネ,100,56,0,0,0,0,0,特注品
80211,ｼﾙｸ100,フェットチーネ,110,52,0,0,0,0,0,特注品
80212,ｼﾙｸ100,フェットチーネ,120,48,0,0,0,0,0,特注品
80213,ｼﾙｸ100,フェットチーネ,130,45,0,0,0,0,0,特注品
80214,ｼﾙｸ100,フェットチーネ,140,42,0,0,0,0,0,特注品
80215,ｼﾙｸ100,フェットチーネ,150,40,0,0,0,0,0,特注品
80308,ｼﾙｸ100,タリオリーニ,80,64,0,0,0,0,0,特注品
80309,ｼﾙｸ100,タリオリーニ,90,60,0,0,0,0,0,特注品
80310,ｼﾙｸ100,タリオリーニ,100,56,0,0,0,0,0,特注品
80311,ｼﾙｸ100,タリオリーニ,110,52,0,0,0,0,0,特注品
80312,ｼﾙｸ100,タリオリーニ,120,48,0,0,0,0,0,特注品
80313,ｼﾙｸ100,タリオリーニ,130,45,0,0,0,0,0,特注品
80314,ｼﾙｸ100,タリオリーニ,140,42,0,0,0,0,0,特注品
80315,ｼﾙｸ100,タリオリーニ,150,40,0,0,0,0,0,特注品
80910,ｼﾙｸ100,タリアテッレ1.6ｍｍ,100,56,0,0,0,0,0,特注品
81010,ｼﾙｸ100,パスタシート1.6mm,100,56,0,0,0,0,0,特注品
82216,ｼﾙｸ100,スパゲッティ1.8,120,48,0,0,0,0,0,特注品
101717,EGG,ＥＧＧ型72個（袋なし）,110,72,0,0,0,0,0,特注品
102508,EGG,EGG,80,64,64,0,0,0,0,プレーン
102509,EGG,EGG,90,60,68,0,0,0,0,プレーン
102510,EGG,EGG,100,56,73,0,0,0,0,プレーン
102511,EGG,EGG,110,52,79,0,0,0,0,プレーン
102512,EGG,EGG,120,48,85,0,0,0,0,プレーン
102513,EGG,EGG,130,45,91,0,0,0,0,プレーン
102514,EGG,EGG,140,42,98,0,0,0,0,プレーン
102515,EGG,EGG,150,40,102,0,0,0,0,プレーン
102516,EGG,EGG,90,90,0,0,0,0,0,特注品
102580,EGG,EGG,140,60,0,0,0,0,4935,特注品
102595,EGG,EGG,80,100,0,5180,4955,4900,4700,特注品
102596,EGG,EGG,120,66,0,0,0,0,0,特注品
102597,EGG,EGG,100,80,0,5180,4955,4900,4700,特注品
102598,EGG,EGG,130,60,0,0,0,0,0,特注品
102599,EGG,EGG,100,2,0,0,0,0,0,サンプル
102818,EGG,ＥＧＧ型（印字有）,100,56,0,0,0,0,0,特注品
102819,EGG,ＥＧＧ型（印字有）,110,52,0,0,0,0,0,特注品
104595,EGG,EGG型60個(壁),140,60,0,5460,9918,14877,19836,特注品
104792,EGG,EGG型60個(袋なし),130,60,0,0,0,0,0,特注品
104794,EGG,EGG型60個(袋なし),140,60,0,0,0,0,0,特注品
105093,EGG,EGG型54個(袋なし),150,54,0,0,0,0,0,特注品
108091,EGG,EGG型66個(袋なし),120,66,0,0,0,0,0,特注品
112028,Ｆ,スパゲッティ（印字有）,100,56,0,0,0,0,0,特注品
112310,Ｆ,スパゲッティ2.0,100,80,0,5180,4955,4900,4700,特注品
112311,Ｆ,スパゲッティ2.0,80,64,64,0,0,0,0,プレーン
112312,Ｆ,スパゲッティ2.0,90,60,68,0,0,0,0,プレーン
112313,Ｆ,スパゲッティ2.0,100,56,73,0,0,0,0,プレーン
112314,Ｆ,スパゲッティ2.0,110,52,79,0,0,0,0,プレーン
112315,Ｆ,スパゲッティ2.0,120,48,85,0,0,0,0,プレーン
112316,Ｆ,スパゲッティ2.0,130,45,91,0,0,0,0,プレーン
112317,Ｆ,スパゲッティ2.0,140,42,98,0,0,0,0,プレーン
112318,Ｆ,スパゲッティ2.0,150,40,102,0,0,0,0,プレーン
112319,Ｆ,スパゲッティ2.0,100,2,0,0,0,0,0,サンプル
112320,Ｆ,スパゲッティ2.0,80,100,0,0,0,0,0,特注品
112322,Ｆ,スパゲッティ2.0,120,66,0,0,0,0,0,特注品
112323,Ｆ,スパゲッティ2.0,130,60,0,0,0,0,0,特注品
112324,Ｆ,スパゲッティ2.0,110,72,0,5180,4955,4900,4700,特注品
112326,Ｆ,スパゲッティ2.0,160,37,0,4080,3840,3733,3600,特注品
112327,Ｆ,スパゲッティ2.0,150,54,0,0,0,0,0,特注品
112366,Ｆ,スパゲッティ2.0,140,60,0,5453,5216,5158,4948,特注品
114221,Ｆ,スパ2.2ｍｍ 60個(壁),140,60,0,6480,11520,16560,0,特注品
117122,Ｆ,スパゲッティ（DD）,130,128,0,0,0,0,0,特注品
119025,Ｆ,スパゲッティ（無地の箱）,80,64,0,0,0,0,0,特注品
212108,Y-3,リングイネ,80,64,64,0,0,0,0,プレーン
212109,Y-3,リングイネ,90,60,68,0,0,0,0,プレーン
212110,Y-3,リングイネ,100,56,73,0,0,0,0,プレーン
212111,Y-3,リングイネ,110,52,79,0,0,0,0,プレーン
212112,Y-3,リングイネ,120,48,85,0,0,0,0,プレーン
212113,Y-3,リングイネ,130,45,91,0,0,0,0,プレーン
212114,Y-3,リングイネ,140,42,98,0,0,0,0,プレーン
212115,Y-3,リングイネ,150,40,102,0,0,0,0,プレーン
212196,Y-3,リングイネ,80,100,0,5180,4955,4900,4700,特注品
212197,Y-3,リングイネ,100,80,0,5180,4955,4900,4700,特注品
212199,Y-3,リングイネ,100,2,0,0,0,0,0,サンプル
212308,Y-3,スパゲッティ2.0,80,64,64,0,0,0,0,プレーン
212309,Y-3,スパゲッティ2.0,90,60,68,0,0,0,0,プレーン
212310,Y-3,スパゲッティ2.0,100,56,73,0,0,0,0,プレーン
212311,Y-3,スパゲッティ2.0,110,52,79,0,0,0,0,プレーン
212312,Y-3,スパゲッティ2.0,120,48,85,0,0,0,0,プレーン
212313,Y-3,スパゲッティ2.0,130,45,91,0,0,0,0,プレーン
212314,Y-3,スパゲッティ2.0,140,42,98,0,0,0,0,プレーン
212315,Y-3,スパゲッティ2.0,150,40,102,0,0,0,0,プレーン
212397,Y-3,スパゲッティ2.0,100,2,0,0,0,0,0,サンプル
212398,Y-3,スパゲッティ2.0,100,80,0,5180,4955,4900,4700,特注品
212399,Y-3,スパゲッティ2.0,80,100,0,0,0,0,0,特注品
212406,Y-3,リガトーニ,60,72,0,0,0,0,0,特注品
212408,Y-3,リガトーニ,80,56,73,0,0,0,0,プレーン
212496,Y-3,リガトーニ,100,48,85,0,0,0,0,プレーン
212498,Y-3,リガトーニ,80,2,0,0,0,0,0,サンプル
212499,Y-3,リガトーニ,1000,5,816,0,0,0,0,プレーン
213897,Y-3,ショートリガトーニ,90,52,79,0,0,0,0,特注品
215620,Y-3,カネストリ,1000,5,816,4080,3840,3733,3600,プレーン
215621,Y-3,カネストリ,80,2,0,0,0,0,0,サンプル
215722,Y-3,クレステリガーテ,1000,5,816,4080,3840,3733,3600,プレーン
215723,Y-3,クレステリガーテ,80,2,0,0,0,0,0,サンプル
215824,Y-3,クルヴィリガーテ,1000,5,816,4080,3840,3733,3600,プレーン
215825,Y-3,クルヴィリガーテ,80,2,0,0,0,0,0,サンプル
215926,Y-3,トレッチェ,1000,5,816,4080,3840,3733,3600,プレーン
215927,Y-3,トレッチェ,80,2,0,0,0,0,0,サンプル
216028,Y-3,トロットレ,1000,5,816,4080,3840,3733,3600,プレーン
216029,Y-3,トロットレ,80,2,0,0,0,0,0,サンプル
216138,Y-3,カザレッチェ,1000,5,816,4080,3840,3733,3600,プレーン
216139,Y-3,カザレッチェ,80,0,0,0,0,0,0,サンプル
216238,Y-3,フジッリ,1000,5,816,4080,3840,3733,3600,プレーン
216239,Y-3,フジッリ,80,2,0,0,0,0,0,サンプル
216336,Y-3,コンキリエ１,1000,5,816,4080,3840,3733,3600,プレーン
216337,Y-3,コンキリエ１,80,2,0,0,0,0,0,サンプル
216434,Y-3,コンキリエ２,1000,5,816,4080,3840,3733,3600,プレーン
216435,Y-3,コンキリエ２,80,2,0,0,0,0,0,サンプル
216532,Y-3,リッシェマファルディーネ　,1000,5,876,4380,4140,0,0,プレーン
216533,Y-3,リッシェマファルディーネ　,80,2,0,0,0,0,0,サンプル
216630,Y-3,フレーグラ,1000,5,816,4080,3840,3733,3600,プレーン
216631,Y-3,フレーグラ,80,2,0,0,0,0,0,サンプル
222108,S-9,リングイネ,80,64,64,0,0,0,0,プレーン
222109,S-9,リングイネ,90,60,68,0,0,0,0,プレーン
222110,S-9,リングイネ,100,56,73,0,0,0,0,プレーン
222111,S-9,リングイネ,110,52,79,0,0,0,0,プレーン
222112,S-9,リングイネ,120,48,85,0,0,0,0,プレーン
222113,S-9,リングイネ,130,45,91,0,0,0,0,プレーン
222114,S-9,リングイネ,140,42,98,0,0,0,0,プレーン
222115,S-9,リングイネ,150,40,102,0,0,0,0,プレーン
222116,S-9,リングイネ,100,80,0,5180,4955,4900,4700,特注品
222117,S-9,リングイネ,160,37,0,4080,3840,3733,3600,特注品
222118,S-9,リングイネ,120,66,0,5180,4955,4900,4700,特注品
222119,S-9,リングイネ,130,45,0,0,0,0,3600,特注品
222199,S-9,リングイネ,100,2,0,0,0,0,0,サンプル
222208,S-9,スパゲッティ1.8,80,64,64,0,0,0,0,プレーン
222209,S-9,スパゲッティ1.8,90,60,68,0,0,0,0,プレーン
222210,S-9,スパゲッティ1.8,100,56,73,0,0,0,0,プレーン
222211,S-9,スパゲッティ1.8,110,52,79,0,0,0,0,プレーン
222212,S-9,スパゲッティ1.8,120,48,85,0,0,0,0,プレーン
222213,S-9,スパゲッティ1.8,130,45,91,0,0,0,0,プレーン
222214,S-9,スパゲッティ1.8,140,42,98,0,0,0,0,プレーン
222215,S-9,スパゲッティ1.8,150,40,102,0,0,0,0,プレーン
222233,S-9,スパゲッティ1.8,100,80,0,5180,4955,4900,4700,特注品
222288,S-9,スパゲッティ1.8,150,54,0,0,0,0,0,特注品
222299,S-9,スパゲッティ1.8,100,2,0,0,0,0,0,サンプル
230112,兵庫県産P,タリアテッレ,120,48,0,0,0,0,0,特注品
232108,兵庫県産P,リングイネ,80,64,0,0,0,0,0,特注品
232109,兵庫県産P,リングイネ,90,60,0,0,0,0,0,特注品
232110,兵庫県産P,リングイネ,100,56,0,0,0,0,0,特注品
232111,兵庫県産P,リングイネ,110,52,0,0,0,0,0,特注品
232112,兵庫県産P,リングイネ,120,48,0,0,0,0,0,特注品
232113,兵庫県産P,リングイネ,130,45,0,0,0,0,0,特注品
232114,兵庫県産P,リングイネ,140,42,0,0,0,0,0,特注品
232115,兵庫県産P,リングイネ,150,40,0,0,0,0,0,特注品
242112,全卵P,リングイネ,120,48,0,0,0,0,0,特注品
242113,全卵P,リングイネ,130,45,0,0,0,0,0,特注品
242114,全卵P,リングイネ,140,42,0,0,0,0,0,特注品
242212,全卵P,スパゲッティ1.8,120,48,0,0,0,3648,3648,特注品
242215,全卵P,スパゲッティ1.8,110,52,0,0,0,0,0,特注品
250710,Z-2,タリアテッレ0.9mm,100,56,0,0,0,0,0,特注品
250810,Z-2,フェットチーネ0.9mm,100,68,90,0,0,0,6120,特注品
250818,Z-2,フェットチーネ0.9mm,180,37,153,0,0,0,5661,特注品
251110,Z-2,タリオリーニ1.1mm,100,68,90,0,0,0,6120,特注品
251114,Z-2,タリオリーニ1.1mm,140,48,120,0,0,0,5760,特注品
292910,ハート,MIX,100,15,300,4500,4500,4500,4500,カラー
292998,ハート,MIX,100,1,0,0,0,0,0,サンプル
303030,Ｉ,リングイネ3×1.5,80,64,64,0,0,0,0,プレーン
303031,Ｉ,リングイネ3×1.5,90,60,68,0,0,0,0,プレーン
303032,Ｉ,リングイネ3×1.5,100,56,73,0,0,0,0,プレーン
303033,Ｉ,リングイネ3×1.5,110,52,79,0,0,0,0,プレーン
303034,Ｉ,リングイネ3×1.5,120,48,85,0,0,0,0,プレーン
303035,Ｉ,リングイネ3×1.5,130,45,91,0,0,0,0,プレーン
303036,Ｉ,リングイネ3×1.5,140,42,98,0,0,0,0,プレーン
303037,Ｉ,リングイネ3×1.5,150,40,102,0,0,0,0,プレーン
303038,Ｉ,リングイネ3×1.5,100,80,0,5180,4955,4900,4700,特注品
303039,Ｉ,リングイネ3×1.5,100,2,0,0,0,0,0,サンプル
303040,Ｉ,リングイネ3×1.5,80,100,0,5180,4955,4900,4700,特注品
303043,Ｉ,リングイネ3×1.5,120,144,0,12240,12240,12240,12240,特注品
303048,Ｉ,リングイネ3×1.5,130,50,0,0,0,0,0,特注品
304641,Ｉ,リングイネ3×1.5(袋なし),120,66,0,5180,4955,4900,4700,特注品
304642,Ｉ,リングイネ3×1.5(袋なし),130,60,0,0,0,0,0,特注品
304645,Ｉ,リングイネ3×1.5(袋なし),100,80,0,5180,4955,4900,4700,特注品
304646,Ｉ,リングイネ3×1.5(袋なし),110,72,0,5180,4955,4900,4700,特注品
304647,Ｉ,リングイネ3×1.5(袋なし),140,60,0,5180,4955,4900,4700,特注品
305544,Ｉ,リングイネ3×1.5(印字有),120,144,0,12240,12240,12240,12240,特注品
312240,Ｋスパ昆布,スパゲッティ1.8,80,64,64,0,0,0,0,プレーン
312241,Ｋスパ昆布,スパゲッティ1.8,90,60,68,0,0,0,0,プレーン
312242,Ｋスパ昆布,スパゲッティ1.8,100,56,73,0,0,0,0,プレーン
312243,Ｋスパ昆布,スパゲッティ1.8,110,52,79,0,0,0,0,プレーン
312244,Ｋスパ昆布,スパゲッティ1.8,120,48,85,0,0,0,0,プレーン
312245,Ｋスパ昆布,スパゲッティ1.8,130,45,91,0,0,0,0,プレーン
312246,Ｋスパ昆布,スパゲッティ1.8,140,42,98,0,0,0,0,プレーン
312247,Ｋスパ昆布,スパゲッティ1.8,150,40,102,0,0,0,0,プレーン
312248,Ｋスパ昆布,スパゲッティ1.8,100,80,0,5180,4955,4900,4700,特注品
312249,Ｋスパ昆布,スパゲッティ1.8,100,2,0,0,0,0,0,サンプル
320163,壁,タリアテッレ,100,80,65,5180,4955,4900,4700,特注品
323250,壁,タリオ1.4mm,80,64,64,4080,3840,3733,3600,特注品
323251,壁,タリオ1.4mm,90,60,68,4080,3840,3733,3600,特注品
323252,壁,タリオ1.4mm,100,56,73,4080,3840,3733,3600,特注品
323254,壁,タリオ1.4mm,110,52,79,4080,3840,3733,3600,特注品
323255,壁,タリオ1.4mm,120,48,85,4080,3840,3733,3600,特注品
323257,壁,タリオ1.4mm,130,45,91,4080,3840,3733,3600,特注品
323259,壁,タリオ1.4mm,150,40,102,4080,3840,3733,3600,特注品
323266,壁,タリオ1.4mm,130,60,0,0,0,0,0,特注品
323351,壁,タリア1.4mm,80,64,64,4080,3840,3733,3600,特注品
323353,壁,タリア1.4mm,100,56,73,4080,3840,3733,3600,特注品
323356,壁,タリア1.4mm,120,48,85,4080,3840,3733,3600,特注品
323358,壁,タリア1.4mm,130,45,91,4080,3840,3733,3600,特注品
323360,壁,タリア1.4mm,150,40,102,4080,3840,3733,3600,特注品
323362,壁,タリア1.4mm,110,52,79,4080,3840,3733,3600,特注品
323463,壁,タリア1.4mm(壁),100,80,65,5180,4955,4900,4700,特注品
323467,壁,タリア1.4mm(壁),110,72,0,0,0,0,0,特注品
323470,壁,タリア1.4mm(壁),110,72,72,5180,0,0,0,特注品
323565,壁,タリオ1.4mm(壁),100,80,65,5180,4955,4900,4700,特注品
323571,壁,タリオ1.4mm(壁),130,60,84,5013,0,0,0,特注品
324341,壁,タリオリーニ 60個(壁),130,60,0,5094,9744,14616,19488,特注品
324442,壁,タリアテッレ 72個(壁),110,72,0,5184,9907,14860,19814,特注品
327972,壁,タリアテッレ 66個（壁）,120,66,0,0,0,0,0,特注品
330109,セモリナ卵,タリアテッレ,80,64,0,5520,5280,5173,5040,カラー
330110,セモリナ卵,タリアテッレ,90,60,0,5520,5280,5173,5040,カラー
330111,セモリナ卵,タリアテッレ,100,56,99,5520,5280,5173,5040,カラー
330112,セモリナ卵,タリアテッレ,110,52,0,5520,5280,5173,5040,カラー
330113,セモリナ卵,タリアテッレ,120,48,0,5520,5280,5173,5040,カラー
330114,セモリナ卵,タリアテッレ,130,45,0,5520,5280,5173,5040,カラー
330115,セモリナ卵,タリアテッレ,140,42,0,5520,5280,5173,5040,カラー
330116,セモリナ卵,タリアテッレ,150,40,0,5520,5280,5173,5040,カラー
330119,セモリナ卵,タリアテッレ,100,2,0,0,0,0,0,サンプル
330122,セモリナ卵,タリアテッレ,160,37,0,0,0,0,0,特注品
330129,セモリナ卵,タリアテッレ,180,33,0,0,0,0,0,カラー
330130,セモリナ卵,タリアテッレ,200,30,0,0,0,0,0,カラー
330208,セモリナ卵,フェットチーネ,80,64,0,5520,5280,5173,5040,カラー
330211,セモリナ卵,フェットチーネ,110,52,0,5520,5280,5173,5040,カラー
330223,セモリナ卵,フェットチーネ,100,2,0,0,0,0,0,サンプル
330227,セモリナ卵,フェットチーネ,120,48,0,5520,5280,5173,5040,カラー
330240,セモリナ卵,フェットチーネ,90,60,0,5520,5280,5173,5040,カラー
330244,セモリナ卵,フェットチーネ,100,56,0,5520,5280,5173,5040,カラー
330320,セモリナ卵,タリオリーニ,100,56,0,5520,5280,5173,5040,カラー
330324,セモリナ卵,タリオリーニ,80,64,0,5520,5280,5173,5040,カラー
330325,セモリナ卵,タリオリーニ,90,60,0,5520,5280,5173,5040,カラー
330326,セモリナ卵,タリオリーニ,100,2,0,0,0,0,0,サンプル
330328,セモリナ卵,タリオリーニ,160,37,0,5520,5280,5173,5040,特注品
330346,セモリナ卵,タリオリーニ,120,48,0,5520,5280,5173,5040,カラー
330347,セモリナ卵,タリオリーニ,110,52,0,5520,5280,5173,5040,カラー
330417,セモリナ卵,キタッラ,200,28,197,5520,5280,5173,5040,カラー
330418,セモリナ卵,キタッラ,240,24,230,5520,5280,5173,5040,カラー
330419,セモリナ卵,キタッラ,1000,8,0,7528,7528,0,0,特注品
330421,セモリナ卵,キタッラ,200,1,0,0,0,0,0,サンプル
331344,セモリナ卵,パスタシート1.1ｍｍ,100,2,0,0,0,0,0,サンプル
331645,セモリナ卵,パッパルデッレ1.1ＤＤ,100,128,0,0,0,0,0,特注品
331646,セモリナ卵,パッパルデッレ1.1ＤＤ,120,128,0,0,0,0,0,特注品
334030,セモリナ卵,パッパルデッレ1.1ｍｍ,80,64,86,5520,5280,5173,5040,カラー
334031,セモリナ卵,パッパルデッレ1.1ｍｍ,90,60,92,5520,5280,5173,5040,カラー
334032,セモリナ卵,パッパルデッレ1.1ｍｍ,100,56,99,5520,5280,5173,5040,カラー
334033,セモリナ卵,パッパルデッレ1.1ｍｍ,110,52,106,5520,5280,5173,5040,カラー
334034,セモリナ卵,パッパルデッレ1.1ｍｍ,120,48,115,5520,5280,5173,5040,カラー
334035,セモリナ卵,パッパルデッレ1.1ｍｍ,100,2,0,0,0,0,0,サンプル
335140,セモリナ卵,＃40,80,2,0,0,0,0,0,サンプル
335141,セモリナ卵,＃40,100,2,0,0,0,0,0,サンプル
335142,セモリナ卵,＃40,80,64,87,5520,5280,5173,5040,カラー
335143,セモリナ卵,＃40,100,56,99,5520,5280,5173,5040,カラー
338148,セモリナ卵,タリアテッレ(袋なし),100,80,0,0,0,0,0,特注品
338149,セモリナ卵,タリアテッレ(袋なし),80,100,0,0,0,0,0,特注品
341109,イカセモリナ,タリオリーニ1.1mm,80,64,109,0,0,0,0,特注品
350692,モッチ,＃１８,130,0,50,0,0,0,0,特注品
354991,モッチ,スパ2.2ｍｍ,130,50,50,2500,2500,2500,0,特注品
361827,M,モッチリーニ2.2ｍｍ（印字有）,120,144,0,12240,12240,12240,12240,特注品
361828,M,モッチリーニ2.2ｍｍ（印字有）,100,56,0,0,0,0,0,特注品
362626,M,モッチリーニ 2.2mm（袋なし）,150,54,0,0,0,0,0,特注品
365301,M,モッチリーニ 2.2mm,80,64,64,4080,3840,3733,0,プレーン
365302,M,モッチリーニ 2.2mm,90,60,68,4080,3840,3733,0,プレーン
365303,M,モッチリーニ 2.2mm,100,56,73,4080,3840,3733,0,プレーン
365304,M,モッチリーニ 2.2mm,110,52,79,4080,3840,3733,0,プレーン
365305,M,モッチリーニ 2.2mm,120,48,85,4080,3840,3733,0,プレーン
365306,M,モッチリーニ 2.2mm,130,45,91,4080,3840,3733,0,プレーン
365307,M,モッチリーニ 2.2mm,140,42,98,4080,3840,3733,0,プレーン
365308,M,モッチリーニ 2.2mm,150,40,102,4080,3840,3733,0,プレーン
365317,M,モッチリーニ 2.2mm,100,2,0,0,0,0,0,サンプル
365319,M,モッチリーニ 2.2mm,100,80,0,5180,4955,4900,4700,特注品
365320,M,モッチリーニ 2.2mm,80,100,0,5180,4955,4900,4700,特注品
365321,M,モッチリーニ 2.2mm,1000,8,0,0,0,0,0,特注品
365322,M,モッチリーニ 2.2mm,150,54,0,5278,5049,4993,4789,特注品
365323,M,モッチリーニ 2.2mm,130,60,0,0,0,0,0,特注品
365324,M,モッチリーニ 2.2mm,120,66,0,5180,4955,4900,4700,特注品
365325,M,モッチリーニ 2.2mm,140,60,0,0,0,4935,0,特注品
365409,M,フェッチーノ 1.2×6.5mm,80,64,64,4080,3840,3733,0,プレーン
365410,M,フェッチーノ 1.2×6.5mm,90,60,68,4080,3840,3733,0,プレーン
365411,M,フェッチーノ 1.2×6.5mm,100,56,73,4080,3840,3733,0,プレーン
365412,M,フェッチーノ 1.2×6.5mm,110,52,79,4080,3840,3733,0,プレーン
365413,M,フェッチーノ 1.2×6.5mm,120,48,85,4080,3840,3733,0,プレーン
365414,M,フェッチーノ 1.2×6.5mm,130,45,91,4080,3840,3733,0,プレーン
365415,M,フェッチーノ 1.2×6.5mm,140,42,98,4080,3840,3733,0,プレーン
365416,M,フェッチーノ 1.2×6.5mm,150,40,102,4080,3840,3733,0,プレーン
365418,M,フェッチーノ 1.2×6.5mm,100,2,0,0,0,0,0,サンプル
367019,M,モッチリーニ（DD）,130,128,0,0,0,0,0,特注品
375602,X,カネストリ,1000,5,816,4080,3840,3733,3600,プレーン
375603,X,カネストリ,80,1,73,0,0,0,0,特注品
375614,X,カネストリ,80,2,0,0,0,0,0,サンプル
375703,X,クレステリガーテ,1000,5,816,4080,3840,3733,3600,プレーン
375704,X,クレステリガーテ,80,1,73,0,0,0,0,特注品
375715,X,クレステリガーテ,80,2,0,0,0,0,0,サンプル
375804,X,クルヴィリガーテ,1000,5,816,4080,3840,3733,3600,プレーン
375805,X,クルヴィリガーテ,80,1,73,0,0,0,0,特注品
375816,X,クルヴィリガーテ,80,2,0,0,0,0,0,サンプル
375905,X,トレッチェ,1000,5,816,4080,3840,3733,3600,プレーン
375906,X,トレッチェ,80,1,73,0,0,0,0,特注品
375917,X,トレッチェ,80,2,0,0,0,0,0,サンプル
376006,X,トロットレ,1000,5,816,4080,3840,3733,3600,プレーン
376007,X,トロットレ,80,1,73,0,0,0,0,特注品
376018,X,トロットレ,80,2,0,0,0,0,0,サンプル
376042,X,トロットレ,1000,5,0,0,0,0,0,特注品
376102,X,カザレッチェ,80,1,73,0,0,0,0,特注品
376108,X,カザレッチェ,1000,5,816,4080,3840,3733,3600,プレーン
376119,X,カザレッチェ,80,2,0,0,0,0,0,サンプル
376202,X,フジッリ,80,1,73,0,0,0,0,特注品
376209,X,フジッリ,1000,5,816,4080,3840,3733,3600,プレーン
376220,X,フジッリ,80,2,0,0,0,0,0,サンプル
376302,X,コンキリエ１,80,1,73,0,0,0,0,特注品
376310,X,コンキリエ１,1000,5,816,4080,3840,3733,3600,プレーン
376321,X,コンキリエ１,80,2,0,0,0,0,0,サンプル
376402,X,コンキリエ２,80,1,73,0,0,0,0,特注品
376411,X,コンキリエ２,1000,5,816,4080,3840,3733,3600,プレーン
376422,X,コンキリエ２,80,2,0,0,0,0,0,サンプル
376511,X,リッシェマファルディーネ　,80,1,73,0,0,0,0,特注品
376512,X,リッシェマファルディーネ　,1000,5,816,4080,3840,3733,3600,プレーン
376523,X,リッシェマファルディーネ　,80,2,0,0,0,0,0,サンプル
376601,X,フレーグラ,80,1,0,0,0,0,0,特注品
376613,X,フレーグラ,1000,5,816,4080,3840,3733,3600,プレーン
376624,X,フレーグラ,80,2,0,0,0,0,0,サンプル
377440,X,ラディアットリ,80,2,0,0,0,0,0,サンプル
377441,X,ラディアットリ,1000,5,816,4080,3840,3733,3600,プレーン
377442,X,ラディアットリ,80,1,0,0,0,0,0,特注品
377701,X,S12種セット,1,24,0,0,0,0,0,サンプル
386801,O　,O型パスタ,80,64,64,0,0,0,0,プレーン
386802,O　,O型パスタ,90,60,68,0,0,0,0,プレーン
386803,O　,O型パスタ,100,56,73,0,0,0,0,プレーン
386804,O　,O型パスタ,110,52,79,0,0,0,0,プレーン
386805,O　,O型パスタ,120,48,85,0,0,0,0,プレーン
386806,O　,O型パスタ,130,45,91,0,0,0,0,プレーン
386807,O　,O型パスタ,140,42,98,0,0,0,0,プレーン
386808,O　,O型パスタ,150,40,102,0,0,0,0,プレーン
386809,O　,O型パスタ,100,2,0,0,0,0,0,サンプル
387514,O　,Ｏ型（印字有）,100,56,0,0,0,0,0,特注品
387810,O　,O型パスタ(袋なし),130,60,0,0,0,0,0,特注品
387811,O　,O型パスタ(袋なし),100,80,0,0,0,0,0,特注品
387812,O　,O型パスタ(袋なし),120,66,0,0,0,0,0,特注品
387813,O　,O型パスタ(袋なし),90,88,0,0,0,0,0,特注品
390111,米粉パスタ,タリアテッレ,80,64,0,0,5880,0,0,特注品
390112,米粉パスタ,タリアテッレ,100,2,0,0,0,0,0,サンプル
390113,米粉パスタ,タリアテッレ,90,60,0,0,5880,0,0,特注品
390114,米粉パスタ,タリアテッレ,100,56,105,5880,5880,5880,5880,特注品
390115,米粉パスタ,タリアテッレ,110,52,0,0,5880,0,0,特注品
390116,米粉パスタ,タリアテッレ,120,48,123,0,5880,0,0,特注品
390117,米粉パスタ,タリアテッレ,130,45,0,0,5880,0,0,特注品
390118,米粉パスタ,タリアテッレ,140,42,0,0,5880,0,0,特注品
390119,米粉パスタ,タリアテッレ,150,40,0,0,5880,0,0,特注品
390138,米粉パスタ,タリアテッレ,100,56,105,5880,5880,5880,5880,カラー
390220,米粉パスタ,フェットチーネ,80,64,0,0,5880,0,0,特注品
390221,米粉パスタ,フェットチーネ,90,60,0,0,5880,0,0,特注品
390222,米粉パスタ,フェットチーネ,100,56,0,0,5880,0,0,特注品
390223,米粉パスタ,フェットチーネ,110,52,0,0,5880,0,0,特注品
390224,米粉パスタ,フェットチーネ,120,48,0,0,5880,0,0,特注品
390225,米粉パスタ,フェットチーネ,130,45,0,0,5880,0,0,特注品
390226,米粉パスタ,フェットチーネ,140,42,0,0,5880,0,0,特注品
390227,米粉パスタ,フェットチーネ,150,40,0,0,5880,0,0,特注品
390228,米粉パスタ,フェットチーネ,100,2,0,0,0,0,0,サンプル
390329,米粉パスタ,タリオリーニ,100,2,0,0,0,0,0,サンプル
390330,米粉パスタ,タリオリーニ,80,64,0,0,5880,0,0,特注品
390331,米粉パスタ,タリオリーニ,90,60,0,0,5880,0,0,特注品
390332,米粉パスタ,タリオリーニ,100,56,0,0,5880,0,0,特注品
390333,米粉パスタ,タリオリーニ,110,52,0,0,5880,0,0,特注品
390334,米粉パスタ,タリオリーニ,120,48,0,0,5880,0,0,特注品
390335,米粉パスタ,タリオリーニ,130,45,0,0,5880,0,0,特注品
390336,米粉パスタ,タリオリーニ,140,42,0,0,5880,0,0,特注品
390337,米粉パスタ,タリオリーニ,150,40,0,0,5880,0,0,特注品
400111,ローカーボ,タリアテッレ,100,2,0,0,0,0,0,サンプル
400112,ローカーボ,タリアテッレ,80,64,0,0,6440,6440,6440,特注品
400116,ローカーボ,タリアテッレ,130,45,0,0,6440,6440,6440,特注品
400117,ローカーボ,タリアテッレ,100,56,115,6440,6440,6440,6440,特注品
400118,ローカーボ,タリアテッレ,90,60,0,0,0,0,0,特注品
400119,ローカーボ,タリアテッレ,120,48,0,0,6440,0,0,特注品
400124,ローカーボ,タリアテッレ,100,56,115,6440,6440,6440,6440,カラー
400127,ローカーボ,タリアテッレ,130,50,0,0,0,0,0,特注品
400319,ローカーボ,タリオリーニ,90,60,0,0,6440,6440,6440,特注品
400320,ローカーボ,タリオリーニ,100,56,0,0,6440,6440,6440,特注品
400321,ローカーボ,タリオリーニ,130,45,0,0,6440,6440,0,特注品
400323,ローカーボ,タリオリーニ,110,52,0,0,6440,6440,6440,特注品
400422,ローカーボ,キタッラ,200,28,0,0,0,0,0,特注品
402415,ローカーボ,リガトーニ,1000,5,0,6250,6250,6250,6250,特注品
402728,ローカーボ,タリアテッレ　50個,130,50,0,0,0,0,0,特注品
408113,ローカーボ,タリアテッレ(袋なし),1000,8,0,0,0,0,0,特注品
408214,ローカーボ,キタッラ(袋なし),1000,8,0,0,0,0,0,特注品
410103,島komugi(R),タリアテッレ,100,56,0,0,8960,8960,8960,カラー
410104,島komugi(R),タリアテッレ,110,52,0,0,8960,8960,8960,カラー
410105,島komugi(R),タリアテッレ,120,48,0,0,8960,8960,8960,カラー
410106,島komugi(R),タリアテッレ,130,45,0,0,8960,8960,8960,カラー
410107,島komugi(R),タリアテッレ,140,42,0,0,8960,8960,8960,カラー
410108,島komugi(R),タリアテッレ,150,45,0,0,8960,8960,8960,カラー
410109,島komugi(R),タリアテッレ,80,64,0,0,8960,8960,8960,カラー
410110,島komugi(R),タリアテッレ,90,60,0,0,8960,8960,8960,カラー
410212,島komugi(R),フェットチーネ,80,64,0,0,8960,8960,8960,カラー
410213,島komugi(R),フェットチーネ,90,60,0,0,8960,8960,8960,カラー
410214,島komugi(R),フェットチーネ,100,56,0,0,8960,8960,8960,カラー
410215,島komugi(R),フェットチーネ,110,52,0,0,8960,8960,8960,カラー
410216,島komugi(R),フェットチーネ,120,48,0,0,8960,8960,8960,カラー
410217,島komugi(R),フェットチーネ,130,45,0,0,8960,8960,8960,カラー
410218,島komugi(R),フェットチーネ,140,42,0,0,8960,8960,8960,カラー
410219,島komugi(R),フェットチーネ,150,40,0,0,8960,8960,8960,カラー
410320,島komugi(R),タリオリーニ,80,64,0,0,8960,8960,8960,カラー
410321,島komugi(R),タリオリーニ,90,60,0,0,8960,8960,8960,カラー
410322,島komugi(R),タリオリーニ,100,56,0,0,8960,8960,8960,カラー
410323,島komugi(R),タリオリーニ,110,52,0,0,8960,8960,8960,カラー
410324,島komugi(R),タリオリーニ,120,48,0,0,8960,8960,8960,カラー
410401,島komugi(R),キタッラ,200,28,320,8960,8960,8960,8960,カラー
410402,島komugi(R),キタッラ,200,1,0,0,0,0,0,サンプル
410411,島komugi(R),キタッラ,240,24,0,0,8960,8960,8960,カラー
422311,島komugi(押),スパゲッティ2.0,120,48,0,0,8960,8960,8960,カラー
422402,島komugi(押),リガトーニ,80,56,160,8960,8960,8960,0,カラー
422404,島komugi(押),リガトーニ,80,1,0,0,0,0,0,サンプル
422405,島komugi(押),リガトーニ,100,48,0,0,8960,8960,8960,カラー
422406,島komugi(押),リガトーニ,1000,5,0,0,8960,8960,8960,カラー
422412,島komugi(押),リガトーニ,100,48,187,0,0,0,0,特注品
423001,島komugi(押),リングイネ3×1.5,100,56,160,8960,8960,8960,8960,カラー
423003,島komugi(押),リングイネ3×1.5,100,1,0,0,0,0,0,サンプル
423007,島komugi(押),リングイネ3×1.5,80,64,0,0,8960,8960,8960,カラー
423008,島komugi(押),リングイネ3×1.5,90,60,0,0,8960,8960,8960,カラー
423009,島komugi(押),リングイネ3×1.5,110,52,0,0,8960,8960,8960,カラー
423010,島komugi(押),リングイネ3×1.5,120,48,0,0,8960,8960,8960,カラー
427613,島komugi(押),30％　リングイネ,120,48,0,0,0,0,0,特注品
433011,全粒粉パスタ,リングイネ3×1.5,80,64,0,0,0,0,23323,特注品
433012,全粒粉パスタ,リングイネ3×1.5,160,37,0,0,12244,0,0,特注品
809991,トマトソース　1kg,だし・ソース,1000,1,750,0,0,0,0,"出汁,ｿｰｽ"
809992,トマトソース　1kg,だし・ソース,1000,1,0,0,0,0,0,サンプル
819901,海老のクリュスタッセ　1kg,だし・ソース,1000,1,1750,0,0,0,0,"出汁,ｿｰｽ"
819902,海老のクリュスタッセ　1kg,だし・ソース,1000,1,0,0,0,0,0,サンプル
829901,ボロネーゼ　1kg,だし・ソース,1000,1,1630,0,0,0,0,"出汁,ｿｰｽ"
829902,ボロネーゼ　1kg,だし・ソース,1000,1,0,0,0,0,0,サンプル
839901,オイルサーディン　900g（15尾）,だし・ソース,900,1,1020,0,0,0,0,"出汁,ｿｰｽ"
839902,オイルサーディン　900g（15尾）,だし・ソース,900,1,0,0,0,0,0,サンプル
849901,万能ダシ,だし・ソース,500,1,300,0,0,0,0,"出汁,ｿｰｽ"
849902,万能ダシ,だし・ソース,1000,1,550,0,0,0,0,"出汁,ｿｰｽ"
849903,万能ダシ,だし・ソース,100,1,0,0,0,0,0,サンプル
859901,ブロード,だし・ソース,1000,1,550,0,0,0,0,"出汁,ｿｰｽ"
859902,ブロード,だし・ソース,100,1,0,0,0,0,0,サンプル
869901,個）トマトソース　170g,だし・ソース,170,1,150,0,0,0,0,"出汁,ｿｰｽ"
869902,個）トマトソース　170g,だし・ソース,170,1,0,0,0,0,0,サンプル
879901,個）海老クリーム　230g,だし・ソース,230,1,260,0,0,0,0,"出汁,ｿｰｽ"
879902,個）海老クリーム　230g,だし・ソース,230,1,0,0,0,0,0,サンプル
889901,個）ボロネーゼ　160g,だし・ソース,160,1,260,0,0,0,0,"出汁,ｿｰｽ"
889902,個）ボロネーゼ　160g,だし・ソース,160,1,0,0,0,0,0,サンプル
899901,送料（小）,だし・ソース,1,1,597,0,0,0,0,"出汁,ｿｰｽ"
909901,送料（中）,だし・ソース,1,1,685,0,0,0,0,"出汁,ｿｰｽ"
919901,送料（大）,だし・ソース,1,1,834,0,0,0,0,"出汁,ｿｰｽ"
929901,送料（大２）,だし・ソース,1,1,1123,0,0,0,0,"出汁,ｿｰｽ"
939881,サンプル,代金,1,1,500,0,0,0,0,サンプル
